{
    "r2": 0.9099566283426073,
    "rmse_usd": 116672.45128001232,
    "mae_usd": 64739.0186159062,
    "mape_pct": 11.74162139182803,
    "mae_usd_formatted": "$64,739.02"
}